time,noun_eventive_intransitive,noun_eventive_transitive,noun_noneventive_intransitive,noun_noneventive_transitive,verb_eventive_intransitive,verb_eventive_transitive,verb_noneventive_intransitive,verb_noneventive_transitive
-0.2,0.9673913379,0.9393069012,0.9265502035,1.1128091685,0.9058509331,0.9513817805,0.9680335065,0.9009490827
-0.195,0.8916434328,0.8738824756,0.9473023084,1.0695359778,0.9268054535,0.9061238199,0.9737092398,0.851903812
-0.19,0.8567242117,0.8328784975,0.932266431,1.0016138143,0.9782531966,0.8606759988,0.9615010072,0.8253274923
-0.185,0.8245083131,0.8115719768,0.89388701,0.8986803709,0.9316432924,0.7892550228,0.8903518858,0.8660283667
-0.18,0.8000747854,0.8666670878,0.8610618756,0.8006265006,0.9021814668,0.7851247155,0.8875962762,0.8825149878
-0.175,0.8311886334,0.9393170994,0.8572036974,0.7965292973,0.9231253788,0.8048113133,0.929561176,0.9076474461
-0.17,0.8254946607,0.9454030658,0.8529402868,0.8569714194,0.9285539162,0.7733566075,0.9267055984,0.8796688654
-0.165,0.7691918279,0.8793541618,0.8327723165,0.8586271922,0.8539299195,0.7955408872,0.8426304437,0.8785305284
-0.16,0.7665571353,0.8013428995,0.9099686407,0.7764805477,0.7847935716,0.7946528768,0.7515836004,0.9025981926
-0.155,0.8678534439,0.7865457062,0.9762382039,0.749229373,0.731599061,0.7375391487,0.7532058729,0.8592723228
-0.15,0.8906895493,0.8063019557,0.9121255642,0.807919837,0.7156884416,0.7462619268,0.8815017945,0.7825236233
-0.145,0.8154272519,0.8224462128,0.8134972888,0.8323670987,0.7222677154,0.8314540336,0.9109824257,0.7648430744
-0.14,0.8084763423,0.7786685317,0.8292641142,0.8260168725,0.7310783095,0.8750169818,0.8705346206,0.7501639776
-0.135,0.8589951386,0.7291759119,0.890435442,0.8240575686,0.8122111366,0.8680174426,0.8612212949,0.8227527289
-0.13,0.8965273841,0.7407593685,0.8691794843,0.8102575674,0.8881099807,0.868530019,0.8136258419,0.8831225987
-0.125,0.8703449267,0.7463128077,0.7721946544,0.7410218813,0.8577649396,0.8613900818,0.8013103699,0.8830149997
-0.12,0.7880546785,0.7301244663,0.7469280178,0.7008592483,0.760272999,0.8104127817,0.8850191983,0.8292357826
-0.115,0.7229345662,0.718034141,0.8025838305,0.7247868037,0.7250473931,0.7623266421,0.8873510323,0.7496048321
-0.11,0.6974686267,0.7647332616,0.8428908758,0.8110383179,0.7607052571,0.8406360105,0.7803139754,0.7637164814
-0.105,0.7018132303,0.8106990711,0.8382289308,0.8225779523,0.8052732142,0.8946551725,0.7411537092,0.8331052962
-0.1,0.7481574389,0.8158526133,0.807309246,0.7994424439,0.8061772076,0.8548862651,0.7595421564,0.7909580497
-0.095,0.8005699633,0.7869708838,0.7551352096,0.7786750602,0.8176390457,0.8486427813,0.7767619978,0.7296496603
-0.09,0.8242088046,0.7917806347,0.7526919099,0.7936420171,0.8077432078,0.863064228,0.7609868086,0.7841343579
-0.085,0.7642274016,0.7807460934,0.7517721099,0.8278303632,0.7617422115,0.8161789258,0.7225330604,0.8346773981
-0.08,0.761214184,0.7394342993,0.7169388723,0.8243328514,0.7647555626,0.7615081204,0.7332012098,0.8488173715
-0.075,0.795702895,0.7072957218,0.7087753945,0.7775369277,0.8333542598,0.778320824,0.7895865936,0.8701285365
-0.07,0.8045599022,0.6841624718,0.7544261951,0.7536573181,0.8357953289,0.8839946628,0.8121736516,0.8585256024
-0.065,0.7984305301,0.7020523824,0.8299229538,0.7857109813,0.7826037429,0.9988290298,0.7690942878,0.8407987908
-0.06,0.8166279089,0.7579730553,0.859939964,0.8637789922,0.7649709526,0.9469557742,0.7130175166,0.8709052721
-0.055,0.8574063908,0.8632833962,0.8515090385,0.862130051,0.8110589672,0.8168894313,0.8230104274,0.8676839245
-0.05,0.8628987025,0.8875181199,0.8463663786,0.8101651584,0.8442686942,0.8171143617,0.8983880434,0.8642206507
-0.045,0.8508428757,0.8981820824,0.8366422782,0.8178499245,0.8407218154,0.8150251284,0.8846006444,0.8728528125
-0.04,0.907099023,0.8649869976,0.818050225,0.8691640716,0.8969036765,0.7637770079,0.8733428835,0.889783443
-0.035,0.9239082934,0.8010295585,0.782427217,0.8750838172,0.9628097149,0.7908264514,0.890966036,0.9260586864
-0.03,0.8797882714,0.727994645,0.8520391261,0.7994559949,0.9256875033,0.8313646543,0.8930351083,0.9580439753
-0.025,0.8545766223,0.7638028857,0.9278106173,0.816796715,0.872347839,0.8342925234,0.9136875883,0.9020516567
-0.02,0.8509232477,0.7958484548,0.904242574,0.8547808452,0.8688330735,0.8102029257,0.9056810527,0.8382334051
-0.015,0.8305609383,0.7797369557,0.8353036433,0.8066094401,0.8376267485,0.7719506015,0.8607879637,0.8479580215
-0.01,0.8286859871,0.8029344239,0.8573569214,0.7897565387,0.8250845067,0.8282733926,0.8851030225,0.8540610265
-0.005,0.8484026081,0.8612610114,0.8681223304,0.7933618472,0.8451818,0.9526943168,0.9169331527,0.86169087
0,0.8834893384,0.9299203011,0.9352113966,0.7899021435,0.8794478112,1.0322892883,0.994703658,0.8965743961
0.005,0.9117444655,0.9878040633,0.9953342943,0.8798285218,0.8693154801,1.056727708,1.0590033191,0.9133999929
0.01,0.9965163368,1.0033359102,0.9769976526,0.9670532321,0.8550341808,1.0451798673,1.0532338653,0.9602456249
0.015,1.074838455,0.9490454507,0.9504931923,1.0093356394,0.8744554054,1.028842819,1.1034031051,1.0082247557
0.02,1.0665052612,0.9792439735,1.0097734353,1.0317731042,0.8828858473,1.0042648417,1.1995568741,1.0134935216
0.025,1.023393309,0.9739051373,1.048573448,1.0133469492,0.8852150944,0.9931083951,1.1886306639,1.0064650073
0.03,1.052365076,0.9623524862,1.047124857,0.996114564,0.9097892704,0.9792650503,1.1449641696,0.9834521118
0.035,1.145684811,1.0369401435,1.0323928733,0.994195806,0.9408498748,0.9907812196,1.1235942509,1.0050460527
0.04,1.1687866255,1.0805246149,1.0405931215,1.0553320154,0.9374693247,1.0131325568,1.08948858,1.0432897135
0.045,1.1241451695,1.0763282919,1.0480126274,1.1156990739,0.9523847558,1.0427536093,1.0949075457,1.0861023976
0.05,1.0498181092,1.0051468339,1.0125730231,1.0993112675,0.9882923157,1.0676300536,1.1555022414,1.124232462
0.055,1.0032703416,0.9470788008,0.9797989256,1.0994625137,0.9803374726,1.0560553816,1.1734644339,1.1399145845
0.06,1.022132646,0.9746865247,0.9535408518,1.0913283265,0.9504460376,1.0517208151,1.1465121503,1.1297314644
0.065,1.0275771875,1.036581705,0.9495761433,1.0166512929,1.0122611725,1.0485046257,1.1446599647,1.1058183603
0.07,0.9937110116,1.0162275956,0.9995394992,0.9990294345,1.0844127834,1.0589792293,1.1545577471,1.1061621799
0.075,0.9791075325,0.9857007998,1.0675499888,1.0498932961,1.1079544271,1.0641314845,1.132734173,1.1379892744
0.08,1.0086018503,0.9811821707,1.1093052024,1.1361093911,1.1254463866,1.071044415,1.0917185925,1.1435852886
0.085,1.0649890188,1.0133244273,1.1685612343,1.1611866799,1.0911834099,1.1116343877,1.0319236324,1.1063094274
0.09,1.0756803364,1.0615185688,1.2008784773,1.1548477539,1.038349652,1.1820068533,1.037760173,1.0987947443
0.095,1.0349177919,1.0833870932,1.2009093971,1.1362712227,1.0574288645,1.2544058707,1.112427556,1.0888717862
0.1,1.0016710156,1.0606875893,1.1903355123,1.1310971695,1.0911240435,1.2385240714,1.1518383782,1.0704185894
0.105,1.0701014719,1.1014449289,1.1971174913,1.1676837118,1.1701007808,1.2082403661,1.1493696971,1.1131765649
0.11,1.1955347681,1.1567458851,1.2232964943,1.1424986215,1.2512740554,1.1838100945,1.1397670774,1.1348233555
0.115,1.252985895,1.1194594833,1.1885841707,1.0411932476,1.219507829,1.131573249,1.1386859085,1.1515826385
0.12,1.2722144514,1.0667643854,1.1056049545,1.0603703666,1.1510212822,1.1200025339,1.1466168658,1.1419276058
0.125,1.2738696941,1.1011753693,1.1102847546,1.1374312565,1.1856408395,1.1746688488,1.1658472887,1.1269733352
0.13,1.2946651852,1.16642147,1.1674351497,1.1326673176,1.2113937177,1.2015071199,1.1949754824,1.0954791429
0.135,1.2592236268,1.1711783141,1.18975847,1.1296551148,1.1738225492,1.2096001913,1.1976573788,1.1049944145
0.14,1.1430438705,1.1111529022,1.1977953625,1.126499415,1.1171893542,1.2037200222,1.1945483152,1.1330900664
0.145,1.0399246422,1.0935956321,1.2078007592,1.0898969199,1.1089369032,1.1794267474,1.216279305,1.1700962783
0.15,1.043188733,1.1092820138,1.1805772474,1.1150901567,1.1304783442,1.1696286787,1.2663424851,1.1977657244
0.155,1.1258891855,1.1372948843,1.1303124294,1.1898673544,1.1446566402,1.1996418493,1.2801464349,1.192580071
0.16,1.2213681153,1.2168382814,1.096634994,1.2508418983,1.1495215399,1.226811355,1.2882146917,1.1911571408
0.165,1.2197191044,1.2431913756,1.0946521835,1.2741161567,1.1418107429,1.2015826314,1.3171741505,1.1969436662
0.17,1.1830699905,1.2334074328,1.1274571688,1.2322900936,1.1726542269,1.2389723973,1.3566971601,1.2009522637
0.175,1.2484776346,1.253199966,1.2129773446,1.205132507,1.2685286456,1.2813857825,1.3544171187,1.2219142046
0.18,1.3217992177,1.2423241974,1.2844355823,1.2460535758,1.361362688,1.2811213607,1.331830609,1.3009605359
0.185,1.3586311937,1.2431437416,1.3384101496,1.2913472164,1.4371847128,1.250084139,1.33743698,1.4001837638
0.19,1.3386279153,1.2511698504,1.3422829974,1.3142845327,1.4747633414,1.2244592204,1.3574479332,1.413239278
0.195,1.315084672,1.2447780273,1.3340029629,1.3038132132,1.4452352587,1.2541526552,1.3611216438,1.346249127
0.2,1.2957009217,1.2184811431,1.3208801248,1.3416957081,1.3999866977,1.3307869864,1.3028805849,1.2730740684
0.205,1.2900475302,1.2137657548,1.3012062805,1.3830929856,1.3856256295,1.3625973619,1.2586331076,1.2524639091
0.21,1.2602079986,1.2597508149,1.2301256739,1.3812644916,1.4035719638,1.308445999,1.3085175518,1.2577559347
0.215,1.243489606,1.3705002264,1.1635456876,1.3301881988,1.4400550241,1.2311836789,1.3542597266,1.3289262891
0.22,1.2979470839,1.4309504211,1.1631180563,1.2847419162,1.4850306424,1.2069910702,1.362072841,1.4215728997
0.225,1.3317915222,1.4075300562,1.2112275538,1.3074560854,1.4686320284,1.2250485983,1.3499141169,1.4237689038
0.23,1.3474259745,1.3219960271,1.2447760291,1.3375419857,1.419598494,1.25547002,1.3467973393,1.390420096
0.235,1.3555497829,1.3012461143,1.2416482826,1.3095575068,1.3772925856,1.2641316537,1.3780493983,1.4172031041
0.24,1.3329391398,1.3310303535,1.2922347225,1.3014420395,1.3507141051,1.2509860367,1.4050585694,1.4647271765
0.245,1.3219903786,1.3234979865,1.3164514465,1.2861008774,1.3777089025,1.2814879083,1.4062691433,1.4960901915
0.25,1.327943039,1.3482789946,1.2806233302,1.257763134,1.4506643614,1.3591779634,1.3914340438,1.5330195681
0.255,1.2672941221,1.3583424847,1.2658492726,1.2865848811,1.459615125,1.4034959179,1.3540406289,1.5625050735
0.26,1.2011553573,1.2963328189,1.2935485668,1.3042057321,1.3922974445,1.4017241858,1.3318358623,1.5738843467
0.265,1.2144288433,1.2592160341,1.3251362053,1.2724077138,1.3453834396,1.3998876423,1.3565405245,1.5344204266
0.27,1.2410982564,1.3022658223,1.3338639969,1.2297678885,1.3406046521,1.4225819719,1.3859706043,1.4968473953
0.275,1.2395985584,1.3428142778,1.2801277023,1.2136829824,1.3548155319,1.4101540833,1.4110920413,1.4864348615
0.28,1.2058989969,1.3304419167,1.2541763249,1.2389107072,1.3783949832,1.3574683572,1.3520193666,1.4905043827
0.285,1.1546643041,1.29903816,1.2790884178,1.2685757933,1.3631445027,1.3328758926,1.2389947277,1.4588787518
0.29,1.1708021679,1.3057189984,1.2471636983,1.2572607296,1.3233007776,1.2973089572,1.1866861885,1.381472869
0.295,1.2353330939,1.3502512034,1.1901662307,1.2390537273,1.2559132573,1.250753151,1.1970464412,1.295899451
0.3,1.2660288195,1.3789956665,1.1860763645,1.2349506936,1.2407088442,1.2976921008,1.2256085855,1.2619573563
0.305,1.2159884137,1.3712260641,1.2404079564,1.2576799334,1.2559283343,1.3646633122,1.3060285143,1.2774104012
0.31,1.1943437286,1.3829766027,1.3294970587,1.3377991961,1.2890489452,1.440122424,1.4141501708,1.3289623453
0.315,1.2008388082,1.4198623912,1.3584872584,1.3714681867,1.3199241142,1.45699184,1.5226931616,1.4038424765
0.32,1.1820285764,1.4632962879,1.3008501291,1.3004361633,1.3366013708,1.4246818641,1.5758807722,1.4627037525
0.325,1.2332431781,1.4095091706,1.2594773006,1.220135365,1.2919069855,1.3788300678,1.5511899715,1.4099196713
0.33,1.2858271246,1.2909830856,1.232513954,1.219196269,1.2021458476,1.305066272,1.4905977008,1.3129561341
0.335,1.2966829766,1.3005268984,1.2386046706,1.2532359622,1.1506007643,1.2621807584,1.4065923194,1.2649401131
0.34,1.2663834864,1.4271892995,1.2602366754,1.2771560537,1.1132270672,1.301989597,1.3060028057,1.2487068092
0.345,1.2327639287,1.4619246339,1.2220926446,1.3078486261,1.1633647843,1.3280809322,1.2647545672,1.2554968652
0.35,1.1862731656,1.3946641529,1.1927458774,1.2782097363,1.2399912983,1.2954346565,1.3326323629,1.2664073238
0.355,1.1442550228,1.3462912783,1.2414458619,1.2419638647,1.301285866,1.2971409053,1.4464499496,1.2986252232
0.36,1.1450070863,1.3087894306,1.2785882335,1.297157692,1.3383953965,1.3281079445,1.5237713605,1.4255742069
0.365,1.1411695877,1.2387356749,1.2769092809,1.3752989304,1.3290129596,1.3336376314,1.5511924284,1.515771366
0.37,1.1302298823,1.1790556075,1.2298313876,1.3980964996,1.3425368941,1.3029487877,1.5143538237,1.4911607954
0.375,1.159180473,1.1889900017,1.2111491283,1.3500207288,1.3504618608,1.3276663249,1.4614664574,1.4305338935
0.38,1.1954801945,1.2195758041,1.2226405486,1.2879555133,1.3106747964,1.3975443136,1.4326243438,1.4140435
0.385,1.1830234893,1.2325570541,1.2202477722,1.2441713086,1.3351574897,1.3991419455,1.446532156,1.4033620158
0.39,1.1708356071,1.2308661923,1.2517067831,1.2214948364,1.3719658049,1.3379960015,1.4685107678,1.4030528056
0.395,1.1905785852,1.2547392408,1.2802446409,1.2786163179,1.3955768916,1.2800244001,1.4623728896,1.4476284441
0.4,1.2365457205,1.2770490235,1.2711265137,1.3269828387,1.4222345569,1.2330058755,1.4133033967,1.5861900507
0.405,1.2705361673,1.2934936162,1.2959741323,1.3608925308,1.4241020072,1.2468745851,1.3881858982,1.6763815404
0.41,1.2716596298,1.2914008469,1.305947395,1.3981967181,1.4387598523,1.3605567117,1.4348301503,1.6257222945
0.415,1.2533751828,1.2509688244,1.2844161966,1.3941513384,1.4536100897,1.4578068283,1.4985885163,1.5267978121
0.42,1.2192549933,1.2571930806,1.281574811,1.3277149314,1.4447621569,1.5045692579,1.5257462363,1.4577424702
0.425,1.1684894944,1.2943321089,1.280968797,1.3047208082,1.4519575837,1.4786143831,1.5024928765,1.3703769761
0.43,1.1652428616,1.2908371005,1.2741211842,1.3069125472,1.4435855912,1.387356364,1.4346948212,1.343728659
0.435,1.1904652163,1.2617418518,1.2815325688,1.3378655298,1.3774786121,1.2863669498,1.4198429718,1.3638567362
0.44,1.1751058889,1.2170874375,1.3155403245,1.4337923895,1.2843264062,1.2898722969,1.4790929922,1.3390629782
0.445,1.1719551097,1.1609767254,1.3066906633,1.5127261694,1.265244801,1.3552799609,1.4598486536,1.275163647
0.45,1.2219601034,1.11534847,1.273254217,1.4940979108,1.2939464525,1.3717634,1.3606535703,1.2430733941
0.455,1.2428764733,1.160291456,1.2651642671,1.4015733039,1.2866737117,1.3030394091,1.3072688857,1.2824779936
0.46,1.1923604991,1.2802328185,1.2978590387,1.2771343635,1.2826455522,1.1924726336,1.2589791326,1.3031715324
0.465,1.1377569257,1.3466359517,1.3343279863,1.1949545902,1.3011151255,1.1221621541,1.2283858587,1.2956295898
0.47,1.068786423,1.3451601956,1.3151389982,1.2064816093,1.3141139046,1.1933316715,1.2679186088,1.3124807161
0.475,1.0372360752,1.3194583292,1.2498042408,1.2162645118,1.3442389797,1.31853785,1.2574210398,1.3432501553
0.48,1.1197415442,1.2745352357,1.2229385343,1.2503092181,1.3174164549,1.4021357689,1.1928969793,1.3640401347
0.485,1.2365235277,1.2185758756,1.2351741793,1.29633506,1.2642138287,1.4488583602,1.1588894587,1.3549761462
0.49,1.3067656362,1.2374104236,1.2920174787,1.2601320243,1.2936558126,1.4173403744,1.2219159053,1.3189732386
0.495,1.3409781691,1.3406306147,1.3349126818,1.1837850044,1.3074157375,1.3351084702,1.2606105343,1.3146735486
0.5,1.3342509639,1.4636055015,1.3066484281,1.1625366311,1.3314249817,1.2932718452,1.2342343679,1.3409221426
0.505,1.2599711151,1.5213927064,1.2393799959,1.2068215395,1.2869631864,1.3421532611,1.2827227501,1.3634156293
0.51,1.1662120816,1.4884527316,1.2144070779,1.2806757201,1.1909396267,1.3501171659,1.3326626628,1.372436028
0.515,1.0691618091,1.3936809675,1.2812629609,1.3406054107,1.1836949815,1.2926320994,1.2909435353,1.2908888863
0.52,1.0691808581,1.3442128914,1.3840756546,1.3350251375,1.2086726251,1.2810724878,1.2457480062,1.176429809
0.525,1.1864560294,1.3218864144,1.409442652,1.2973073404,1.2805295014,1.2830518605,1.2416541097,1.1559337913
0.53,1.2677065142,1.2920774244,1.3470982476,1.2409872319,1.3916523303,1.2923010207,1.2031394782,1.1914127
0.535,1.2780706553,1.2852854399,1.3191757683,1.2317747924,1.4403474707,1.3034938931,1.1678757391,1.2529284084
0.54,1.2191586027,1.2738034059,1.3402340858,1.2941907895,1.4203374193,1.2759104117,1.1729707654,1.2725013756
0.545,1.1574529222,1.2567619382,1.3404787385,1.332265201,1.3716166549,1.2683048557,1.1819267945,1.2723077258
0.55,1.1811035628,1.2868147276,1.311745825,1.3488424987,1.3031664648,1.2756374882,1.153903397,1.340739062
0.555,1.2461889121,1.3115228662,1.3021131757,1.4079018477,1.2913693536,1.2365177183,1.0967958082,1.4130748236
0.56,1.2856899915,1.3082853371,1.2847734788,1.4750134958,1.3245523557,1.2482525333,1.0709903702,1.4393829412
0.565,1.2902027616,1.2893209413,1.3039831112,1.4744916403,1.3273755072,1.3179502244,1.0711769492,1.4251823774
0.57,1.2574980918,1.2478033533,1.3206340117,1.4125128195,1.3307543523,1.3518824506,1.1539197727,1.4223866455
0.575,1.2289378217,1.240643011,1.3251624615,1.3430386552,1.3290762148,1.373209431,1.2385102553,1.4366429546
0.58,1.20541213,1.2959812855,1.3477320238,1.3119394941,1.2865661825,1.4119382768,1.2185562096,1.3992252671
0.585,1.160307971,1.3213907717,1.363034612,1.3095044092,1.2391074129,1.4008720538,1.2055257007,1.3369814338
0.59,1.0753259989,1.3174790343,1.3536127291,1.3041477743,1.1831628725,1.3972505226,1.2485524433,1.3268860391
0.595,1.0870120424,1.288144948,1.3559138771,1.2892716232,1.1309661464,1.4233254271,1.2659851948,1.3248980031
0.6,1.1266299567,1.2208749341,1.3471081448,1.2718319811,1.1536588212,1.4160802391,1.2952582272,1.3638283266
0.605,1.1587972334,1.1930189613,1.2974574938,1.2670284743,1.2276064495,1.340341549,1.3045634288,1.4229551537
0.61,1.227010465,1.2135532082,1.2379023802,1.2669009438,1.2618875532,1.2790644254,1.2861422021,1.3950518292
0.615,1.2574844899,1.2192231899,1.2119222616,1.2778398191,1.2824021066,1.2869889644,1.2310721022,1.3341279935
0.62,1.2443326525,1.2506145794,1.2353962346,1.2823446503,1.260892377,1.3604397524,1.1948889558,1.3289936415
0.625,1.201608254,1.3156929572,1.2991389188,1.2884563848,1.1867356263,1.399867854,1.1985860588,1.3605538406
0.63,1.1413817678,1.3260094683,1.3607134775,1.3308397475,1.1573835372,1.33975978,1.2101135228,1.3984197051
0.635,1.143664397,1.2631963782,1.3995683949,1.3601476322,1.1600995082,1.2789268569,1.2000199365,1.4056127807
0.64,1.2136204945,1.2430623976,1.3668727882,1.3380170371,1.1533842069,1.2474381194,1.1969771782,1.3194164061
0.645,1.2908162731,1.3016967768,1.3485268025,1.3546410966,1.1825089116,1.1806061675,1.2045580387,1.2506698407
0.65,1.3369444949,1.4107475016,1.3603888744,1.3916828175,1.2259092031,1.1327018466,1.2092939496,1.2954402812
0.655,1.3161481926,1.4453315906,1.3406581783,1.393362101,1.198111355,1.1499047789,1.2291711592,1.4117643988
0.66,1.2336727942,1.392683446,1.3227045541,1.3588610185,1.1449911128,1.2096432547,1.2806274908,1.5070691171
0.665,1.154387424,1.3662973391,1.3301687702,1.2980722974,1.0985378219,1.2853415244,1.3148073072,1.4925104042
0.67,1.1306735786,1.3838520061,1.349377792,1.2672175427,1.1142843397,1.2928738093,1.3225917001,1.3684388953
0.675,1.1541704923,1.3818265012,1.3669434134,1.2661682222,1.1912792088,1.2621408146,1.3314394825,1.2855932607
0.68,1.1753427639,1.3461597493,1.3763816872,1.3026885658,1.229294239,1.2870733915,1.2849297665,1.2595894184
0.685,1.18404005,1.3040069563,1.3971412802,1.3568036035,1.1984861488,1.3309168494,1.2577767398,1.3161677358
0.69,1.1914710817,1.308226013,1.4067146389,1.3848610485,1.2393122994,1.3439396841,1.2314751467,1.4090798274
0.695,1.1844115761,1.3709593236,1.4495756956,1.404564661,1.3387859172,1.3413656202,1.1844737965,1.4557742717
0.7,1.1734047198,1.4241626636,1.5282301005,1.4193563595,1.4142944128,1.344824229,1.1881013055,1.4173677109
0.705,1.1560895333,1.414486659,1.5554879982,1.4368385739,1.4335928465,1.3695459546,1.2084782898,1.3389231377
0.71,1.1576064707,1.3903716062,1.570462344,1.4420855524,1.4060705107,1.398954023,1.2163025998,1.3389269611
0.715,1.1671381049,1.3704366639,1.5638648639,1.4365636682,1.3404059339,1.4503716175,1.2178190068,1.3915154112
0.72,1.1898316405,1.3928741416,1.5103308529,1.4674497716,1.2887146092,1.4645324963,1.2014496178,1.4572691343
0.725,1.2100353998,1.4583450791,1.469129579,1.5316391618,1.3183627124,1.4441562995,1.239528829,1.5105919258
0.73,1.229985981,1.5159562294,1.4250179084,1.5456315394,1.3778966964,1.452743019,1.3176712212,1.5158779118
0.735,1.2797360003,1.5159477328,1.3676354661,1.5410992464,1.3652519003,1.4515381215,1.3660762793,1.4835251715
0.74,1.276820347,1.4460087658,1.3634399991,1.5500522511,1.3226767191,1.3957013143,1.3296519863,1.4287907636
0.745,1.171852007,1.4248563942,1.3986989041,1.5608767232,1.3149748612,1.3258420873,1.2406185358,1.3930107613
0.75,1.1022738031,1.4276043356,1.4249305967,1.5630539112,1.3598044141,1.2827918139,1.2113747099,1.4234140013
0.755,1.1132865026,1.405620766,1.3985878997,1.5418579327,1.3708425817,1.3080096206,1.1889210271,1.4421384618
0.76,1.1441439181,1.4401120477,1.3970885401,1.5181276518,1.3073618705,1.3774386836,1.1687429705,1.4606363057
0.765,1.183651975,1.5182911116,1.4446046,1.4886266957,1.2578098067,1.4610107353,1.1978766909,1.5259684978
0.77,1.2538731516,1.5524291866,1.4972172882,1.4924093587,1.3169974698,1.5002234602,1.290403784,1.562640663
0.775,1.3459898632,1.5325659804,1.5042601126,1.5783403409,1.3433226575,1.4880742312,1.3444297384,1.5361520167
0.78,1.4301826469,1.5654295325,1.4457123106,1.6276132557,1.3748733818,1.4890280096,1.3733603304,1.5084833052
0.785,1.4603829715,1.5920660715,1.4147548939,1.5650881673,1.4156006726,1.518290395,1.397807659,1.4863439248
0.79,1.4518422906,1.6202953347,1.4360148754,1.5534504034,1.4026437773,1.5636628398,1.4311756777,1.4431192027
0.795,1.4618309474,1.6851821031,1.4458030268,1.6214433807,1.3829910464,1.6146951597,1.4701035379,1.4316639874
0.8,1.4672536709,1.6951283008,1.4583640654,1.67450454,1.4146077246,1.6358408872,1.454170364,1.425103807
0.805,1.4863458079,1.6485988565,1.4700036418,1.701107578,1.4593184631,1.6556138501,1.4098934175,1.4798621102
0.81,1.4669073,1.6042277749,1.4346495129,1.7179109067,1.5172724045,1.6611682753,1.4065193421,1.5043020975
0.815,1.4445806439,1.5791802476,1.4257402829,1.7299269147,1.559924623,1.6217104424,1.4092017331,1.5313212123
0.82,1.4910239739,1.6343090905,1.4675082671,1.760041793,1.5445704658,1.5792751852,1.3976934248,1.5568966927
0.825,1.5363630465,1.758112383,1.5940191427,1.7782074849,1.4961097565,1.5932033476,1.43359912,1.5142868873
0.83,1.5763272349,1.8276711605,1.7431840802,1.7875384877,1.4699849235,1.6475126255,1.439208259,1.4808159149
0.835,1.6549796703,1.8450100849,1.8207667181,1.8053620148,1.4780492915,1.714315923,1.3928871973,1.5275620292
0.84,1.7258737439,1.8108971462,1.7827011854,1.8311197339,1.475171432,1.6774442543,1.3977680085,1.620424299
0.845,1.7406367837,1.7190192742,1.7448560941,1.8766179607,1.4975206599,1.5722264339,1.4558691597,1.7143145608
0.85,1.6903705311,1.7097367703,1.7817031278,1.9167615028,1.5574293955,1.5609395235,1.5062146936,1.7653364797
0.855,1.6585653252,1.8031514448,1.8329159869,1.9240538365,1.6380569415,1.7026480189,1.5435207483,1.7615496839
0.86,1.6373244174,1.8665086716,1.8627209264,1.8660428492,1.6805064927,1.8446825005,1.5274049178,1.7410705042
0.865,1.6106916819,1.9016413069,1.8578057499,1.7833962149,1.6828336196,1.9316894668,1.5394238403,1.7293596093
0.87,1.6126519687,1.9138823795,1.8235926816,1.7570217622,1.63364679,1.8890822189,1.6019745598,1.7108178116
0.875,1.6025106391,1.8818646363,1.7680486704,1.7979889413,1.5919760784,1.7300657382,1.6147949771,1.7288485953
0.88,1.5853975907,1.8661546737,1.755381118,1.8532694034,1.5903634732,1.6676024756,1.5754582472,1.7752432475
0.885,1.607464217,1.8337779928,1.7528558519,1.8868894557,1.6123686879,1.7184389424,1.5910017377,1.8060179424
0.89,1.6223741483,1.7879201834,1.7136115036,1.8471418369,1.610595717,1.7374489015,1.6266850791,1.8181122689
0.895,1.5865174596,1.7802209972,1.7028952133,1.7788696052,1.5431099451,1.6957297772,1.6203280112,1.8319962774
0.9,1.5340722743,1.7712013187,1.7565657536,1.7808788121,1.4604353558,1.6467260116,1.5777286414,1.8106557818
0.905,1.5352350025,1.7185884199,1.7945893279,1.8196240902,1.439609727,1.6194147748,1.5558667624,1.7549154318
0.91,1.5796549082,1.733252907,1.7514561568,1.8396280074,1.5006300586,1.6240214422,1.5334021856,1.7116126988
0.915,1.6091756318,1.79970537,1.6529836243,1.8201807225,1.6018040615,1.6304070739,1.4895693983,1.6718625442
0.92,1.6390559162,1.8625417232,1.5993217421,1.7646995354,1.6568156832,1.6149266579,1.4972335372,1.6577872281
0.925,1.642114239,1.8972086546,1.6297156068,1.7611047774,1.6624407978,1.5974003842,1.5934894033,1.6770926949
0.93,1.6509390969,1.8361239951,1.6859746427,1.8324182505,1.6283436345,1.5999788453,1.6267971589,1.7156243482
0.935,1.6673742098,1.7213380518,1.7315701316,1.9139279041,1.6168462249,1.6367497407,1.560426444,1.7642283726
0.94,1.6003195272,1.6722968676,1.7522437066,1.958741161,1.6284692322,1.6886309268,1.4993229605,1.8052142623
0.945,1.5585341721,1.7146190341,1.7175816593,1.9079365378,1.6508301549,1.7268844789,1.4944233057,1.8333511349
0.95,1.6299439382,1.7721652288,1.6809390144,1.8616911025,1.6582822983,1.7486046153,1.5600610957,1.8394753893
0.955,1.6900527022,1.7983268227,1.7508050314,1.8854361226,1.626517487,1.7396848429,1.653709782,1.8357554757
0.96,1.6824973245,1.7720107836,1.8559217575,1.8529077672,1.6244474357,1.7157548783,1.7062203233,1.8499218132
0.965,1.6275323662,1.7697181427,1.8869683563,1.7619713923,1.6350157526,1.7281290784,1.6876645576,1.8664849657
0.97,1.5645179567,1.789556722,1.8901284162,1.7344133543,1.6630798018,1.7240975541,1.669130518,1.8689095585
0.975,1.5563565262,1.8031936252,1.9055945197,1.7311979418,1.7133797949,1.676086693,1.6536819039,1.8467573912
0.98,1.6441590328,1.8312152625,1.9188425103,1.7923769781,1.7519539116,1.6633765613,1.6008517061,1.822826192
0.985,1.6886125184,1.8244210859,1.9098805772,1.9219879766,1.7463632744,1.7056197474,1.6098890173,1.8052313257
0.99,1.6809501945,1.7991586197,1.8828375884,2.0031600545,1.689126266,1.7046394489,1.6977034508,1.8122766916
0.995,1.6812174676,1.8177194536,1.8546105584,1.965266886,1.621165713,1.6615159671,1.7414563631,1.8721062453
1,1.6641532474,1.837500325,1.8487263462,1.8448078122,1.5982031917,1.6015391319,1.7296708736,1.9355703606
1.005,1.6516512626,1.833376972,1.9221204746,1.7648714657,1.6325657198,1.542532276,1.7204458531,1.8989750138
1.01,1.6850482322,1.8454062265,1.9936892902,1.7963231178,1.6508709037,1.5644287743,1.6892724746,1.75883269
1.015,1.7092980566,1.8165300967,1.9539920142,1.8709718152,1.6454605433,1.6011040186,1.6316468976,1.6151541315
1.02,1.6780812572,1.7419200781,1.8522566512,1.9482016462,1.6735857794,1.5830155137,1.5534729548,1.5770628131
1.025,1.6474103421,1.7092531213,1.7893550391,1.9623067369,1.7081245053,1.5691984632,1.4975335245,1.6549417756
1.03,1.6160617309,1.7438799713,1.806903355,1.905172836,1.6779576014,1.5832499277,1.5854783869,1.7607462948
1.035,1.5781299565,1.7610823479,1.8435614503,1.8340229714,1.616725745,1.5798967744,1.68245911,1.7995000996
1.04,1.5545493753,1.7680542687,1.8691523672,1.8145687153,1.6270647414,1.5776054954,1.6247981771,1.7256683851
1.045,1.547758144,1.7674227551,1.8437543119,1.8046377618,1.6882857121,1.5714501641,1.5097308419,1.6330795913
1.05,1.5553506817,1.738431125,1.7941783252,1.7846318669,1.7660065856,1.5513034634,1.4777619993,1.6111046665
1.055,1.5433897345,1.7099051312,1.794146678,1.7574751305,1.8058362224,1.5071702937,1.5154470953,1.675241859
1.06,1.5063880959,1.672536736,1.8081842637,1.7169798238,1.7663137304,1.4436146402,1.5375204631,1.7439365557
1.065,1.4707245695,1.6411347411,1.7845360262,1.6788087864,1.6644857661,1.3991993023,1.5153437397,1.7442462755
1.07,1.4540795695,1.6293867116,1.7647623417,1.6645578948,1.5733047128,1.4122725689,1.4480186396,1.713617668
1.075,1.4722519619,1.6261102202,1.7521407828,1.6377941009,1.5571157786,1.417831516,1.3476926855,1.6915712761
1.08,1.4519709492,1.645369545,1.7330843208,1.5677218446,1.5782041801,1.4124853555,1.2918775411,1.6863908116
1.085,1.4002728653,1.6464910057,1.6883747761,1.4965413025,1.594263726,1.4109139014,1.3507239441,1.6707625714
1.09,1.3776768591,1.5771798407,1.6206676301,1.452207388,1.6143488758,1.3995040233,1.4014793489,1.6394319157
1.095,1.378499993,1.4990264872,1.550734392,1.3951985038,1.6318148909,1.4402930216,1.3605942597,1.5877839318
1.1,1.3950717172,1.4974430738,1.5260535847,1.3883603972,1.6042382911,1.5149643285,1.3461695838,1.5754169539
1.105,1.4138517579,1.5299326896,1.4905746789,1.4340949867,1.5479115655,1.53958102,1.3670297521,1.586017463
1.11,1.4342970559,1.5621936743,1.4441955787,1.4619853752,1.5299063281,1.5554743567,1.3340950445,1.5760279754
1.115,1.4984774885,1.5479037002,1.4245902074,1.4559658755,1.5752436037,1.5504852336,1.2888967898,1.525745857
1.12,1.5519130372,1.5026221135,1.4695790655,1.4803521274,1.6424921867,1.4750117302,1.3471412875,1.4256373664
1.125,1.536769165,1.4951220046,1.5269622155,1.4975772722,1.6726324945,1.4426037223,1.4212321152,1.3868922138
1.13,1.4722318258,1.4730841205,1.5423064276,1.4590790055,1.6318436719,1.4278287716,1.5067570047,1.4619584006
1.135,1.4088737801,1.4899105833,1.5264829269,1.4592008993,1.5398414504,1.3812826414,1.5553903004,1.5696433672
1.14,1.3798950679,1.5344075151,1.4778226368,1.5078445099,1.4849273604,1.3662604419,1.5551432463,1.5949934499
1.145,1.3992937365,1.5324952879,1.4466257539,1.5308285451,1.4912675406,1.3500223134,1.4966120802,1.5231182702
1.15,1.4475281307,1.4729397308,1.4758543416,1.5187728599,1.5189580484,1.3829191744,1.3913854666,1.4460932687
1.155,1.4557300211,1.4566140156,1.5123974092,1.552217334,1.5398496744,1.4417826984,1.32983843,1.4091069812
1.16,1.4303312581,1.4582689645,1.5220951043,1.5858593198,1.4828025051,1.475935975,1.3184584774,1.4425304275
1.165,1.4069118391,1.4604300608,1.5096291233,1.5793170873,1.389634023,1.4883141885,1.3445907412,1.5224456724
1.17,1.3696074327,1.4973782872,1.4982766428,1.5093766601,1.2962514287,1.444563404,1.3667519844,1.5797588972
1.175,1.3487880271,1.5078274617,1.5107179606,1.421222202,1.2685194931,1.3890700864,1.3549300056,1.5751837522
1.18,1.3540090279,1.5111375944,1.5488212169,1.321165555,1.3185880165,1.3856216735,1.364846189,1.54946747
1.185,1.3724653713,1.4806170746,1.5629415999,1.2671596412,1.3391169026,1.3880874532,1.3901343943,1.555938577
1.19,1.4035833539,1.3809665938,1.4872475555,1.3017085331,1.295891385,1.3975528067,1.3987208185,1.5533916204
1.195,1.4142720912,1.282514767,1.3789821707,1.3341510503,1.247791196,1.4757067733,1.408215549,1.5031965808
1.2,1.3911669944,1.2982946067,1.3387439754,1.3142541721,1.2334747958,1.5019815026,1.4258604947,1.4856748876
